{
  "best_model": "XGBoost",
  "models": {
    "XGBoost": {
      "rmse": 1733.8351350989315,
      "mae": 590.7186323976975,
      "r2": 0.9474862232435214,
      "mape": 24935509603955.434
    },
    "RandomForest": {
      "rmse": 2603.1061567972292,
      "mae": 669.7731222720467,
      "r2": 0.881630063818196,
      "mape": 30186167523769.64
    },
    "GradientBoosting": {
      "rmse": 1907.8807059230166,
      "mae": 595.3367677021588,
      "r2": 0.9364142077279455,
      "mape": 26107814885770.09
    }
  },
  "q1_accuracy": 95.84006507996659,
  "total_2024": 45622770.01,
  "total_2025": 45859917.75,
  "total_2026_predicted": 43930051.82199863,
  "growth_2024_2025": 0.5198012745565909
}